cellid,phase
SCG0089_CTTATGTTCCCGCCTA-1,G2M
SCG0093_AGAACCGCACAGCCAT-1,G2M
SCG0090_CCAGGATGTGCTCACC-1,G2M
SCG0089_TACCTTTAGCACTTGG-1,G1
SCG0092_TGATCAGGTTTGAGGC-1,G2M
SCG0088_CGAGGAAGTAGTAAGA-1,G1
SCG0093_GTTACTCGTGGTTATG-1,G1
SCG0093_AGACTATGTAGACAAA-1,G2M
SCG0090_TTTGGCTGTCCTAAGA-1,G2M
SCG0093_GGATGAATCACGTTAA-1,G1
SCG0093_GGTGTTGTCGGTAACT-1,G2M
SCG0088_TAGGGTTTCTGTTCAT-1,G2M
SCG0089_TTGCTTTAGGAGCACG-1,G1
SCG0092_CATTTGTTCAAAGGCA-1,G2M
SCG0092_ACTTGAATCTCGCCTG-1,G1
SCG0093_TGAGGCACAGCCTAAC-1,G2M
SCG0092_GCCAACATCCTTCTAG-1,G2M
SCG0093_GCTGACCAGACAACAG-1,G2M
SCG0089_ATTCATGAGTCATGCG-1,G1
SCG0089_GTATTGATCAGGAAGC-1,G2M
SCG0092_ACTAACTCATGAGTTT-1,G2M
SCG0089_ATTACCCGTTTAGCTC-1,G2M
SCG0091_GTATTGATCCAACTGG-1,G1
SCG0092_CGAAATGAGTCCTTCA-1,G2M
SCG0091_TCGCGCACACAATGTT-1,G2M
SCG0089_TCAAGAACATAGACTT-1,G2M
SCG0093_CAAGTTATCTGTTGCC-1,G2M
SCG0092_AGCAACAAGTTTGAGC-1,G1
SCG0089_GCAACAGCAAGGTCCT-1,G2M
SCG0090_ACATTGCAGGCATTAC-1,G2M
SCG0089_TTGTAAGTCAATCTCT-1,G2M
SCG0093_GTCTATGCATGGCCCA-1,G1
SCG0092_TCTACTAGTAAAGCAA-1,G2M
SCG0093_AGTAAGTAGTGATTCA-1,G2M
SCG0089_GTTCGCTTCCGGGACT-1,G2M
SCG0088_GATCCGTCAATTAACC-1,G2M
SCG0089_TGAGTGAAGAATGACG-1,G2M
SCG0092_CATTGCGAGGCCGGAA-1,G2M
SCG0093_AGCGGATAGTATTGCA-1,G2M
SCG0093_AAGGCCCTCCCGAACA-1,G1
SCG0092_CATAGACTCCTTAGGG-1,G1
SCG0092_ATCCACCTCGCTATAA-1,G1
SCG0089_ACATTGCAGAGAGGCT-1,G2M
SCG0092_CCAGCCTGTCCAAGAC-1,G2M
SCG0093_AGCAATACATTAGCGC-1,G2M
SCG0089_GTAAAGCCAATTAACC-1,G2M
SCG0088_TACGTTAAGGAGCAAC-1,G2M
SCG0093_ACCTAAGGTACCGGAT-1,G2M
SCG0089_GACTAATGTTCCGGCT-1,G2M
SCG0093_AGATGAAGTACCCACC-1,G2M
SCG0088_GTTCACCTCCGGTTAG-1,G2M
SCG0091_CGGTTCCGTTTAGTCC-1,G2M
SCG0092_TCAGTGAGTTTACGTC-1,G1
SCG0093_CCACACAAGCGAAGTA-1,G1
SCG0091_GGTAATTGTAACCACA-1,G1
SCG0093_GTCTTTGTCACGTTAA-1,G1
SCG0092_AAACGCGCATGAATAG-1,G2M
SCG0093_TGTTCCTCAAAGCGGC-1,S
SCG0090_ACCAGGCTCATAACCA-1,S
SCG0093_TTCAGGTAGGCGAAAC-1,G2M
SCG0091_ATCAGGTTCACCATTT-1,G2M
SCG0091_GCCTTAGAGAATGACG-1,G2M
SCG0090_GGTAGGAGTTGAAGCC-1,G2M
SCG0093_GTTCATTTCGAGGTGG-1,G1
SCG0090_GAAAGGCTCATGGTTA-1,G2M
SCG0093_TCCATATTCAGGGCCT-1,G2M
SCG0092_CCTCCTGAGTCCTTCA-1,G2M
SCG0090_GTTTCAGCATGACTAT-1,G2M
SCG0089_CTCATTTAGGAACCAA-1,G1
SCG0091_GCAAGCCTCACGCCAA-1,G2M
SCG0092_ACCAAGTTCGTACCGA-1,G1
SCG0091_CGCACCACATGGAGGC-1,G2M
SCG0092_GGAACCTGTGTGCACG-1,G1
SCG0088_GGACGGATCTCAATGA-1,G2M
SCG0093_GGCTTCAAGATAAAGC-1,G1
SCG0088_CCCAAATAGCGGCTGT-1,G2M
SCG0088_CATAGGTTCGTTTCGC-1,G1
SCG0093_AAATGCCTCCAAGTGT-1,G1
SCG0088_TGGAACAAGCCGCTTT-1,G1
SCG0089_GAATTTGTCGGGCCAT-1,G2M
SCG0093_CTCATCATCGTAATCA-1,G2M
SCG0092_GTCATGCCAGAACCGA-1,G2M
SCG0089_CATTGTGCAAGCGATG-1,G2M
SCG0090_GTTCTTAGTGTGTGGT-1,G1
SCG0088_GAAGCCTGTTGAAGCC-1,G1
SCG0088_CATAGGTTCATTGCGG-1,G2M
SCG0089_TTGGCTTGTACCTTAC-1,G2M
SCG0092_ATGAGCCGTGCTTTAC-1,G2M
SCG0091_GGTGTCCAGGCTAAGA-1,G2M
SCG0088_AGTCAAGAGCATGCAT-1,G1
SCG0093_GTGCTTACACTTACAG-1,G1
SCG0091_AGTAACACACAATGCC-1,G2M
SCG0090_ATTGCACAGGCGTAAA-1,G1
SCG0090_GATGCATTCAAATCGC-1,G1
SCG0091_GATCGATTCTCACATT-1,G2M
SCG0088_GGGCGAATCGCTAAGT-1,G1
SCG0090_ACATCATCATTGTCAG-1,G1
SCG0090_GAGGCTTGTAACGAGG-1,G2M
SCG0091_CGTTAGGTCCAGGAAA-1,G2M
SCG0093_GTTTGTTTCCTCATCA-1,G2M
SCG0089_AGAATCGAGGCTAGAA-1,G1
SCG0093_GAGTCAAAGGCCTGGT-1,G1
SCG0090_TTAAGCCAGTTAACCA-1,G2M
SCG0092_GATTACTCAGGCTTCG-1,G2M
SCG0090_CGCCAAATCATCACTT-1,G2M
SCG0089_ACCCTGTTCGAAGTGA-1,G2M
SCG0092_AAGGATGTCGCTATAA-1,G2M
SCG0088_CATCCTCAGCTTGCTC-1,G2M
SCG0088_TGCTTGTGTAATAGCT-1,G1
SCG0088_TATCGAGGTAATGGCC-1,G1
SCG0093_GCACCTAAGTAAGTGG-1,G2M
SCG0089_GCAGCCAGTGGAGCAA-1,G2M
SCG0090_CGGGTATGTAGGATTT-1,G2M
SCG0090_GGACCGAAGACTTACA-1,G1
SCG0090_TAGCGCGGTGAACAAA-1,G2M
SCG0089_CGCTAATAGTTAGACC-1,G2M
SCG0091_TGGTCAAGTCCGTGAG-1,G2M
SCG0092_CGGTGAACATCAGTAT-1,G2M
SCG0088_GGAGGTTAGGGCCACT-1,G2M
SCG0089_CTAGCTTGTCGCGCAA-1,G2M
SCG0091_AAAGGCTCAATAGCAA-1,G2M
SCG0093_AATCATCCAGTTAGCC-1,G1
SCG0093_AGGTCTTAGGCTACAT-1,G1
SCG0091_GCGGTTGGTTATCCGT-1,G2M
SCG0092_TGCAGGCTCTATCGCC-1,G1
SCG0092_CAATGCCCAGGCGATA-1,G1
SCG0088_CTGCTACTCGCTAGTG-1,G2M
SCG0089_GCCTTAACATGTTGCA-1,G1
SCG0090_GCGGGTTTCTTTGACT-1,G1
SCG0091_AGTAACACATGCTTAG-1,G2M
SCG0093_TTTGAGTCAATGCGCT-1,G1
SCG0093_CTCATTTAGCATTATG-1,G2M
SCG0090_GGGTGAAGTTTGTGGA-1,G2M
SCG0090_AGCCAGTGTCTAACAG-1,G2M
SCG0092_AACTCACAGGCTTAGT-1,G2M
SCG0089_GCCTGCTGTTTGCAGA-1,G1
SCG0093_GGATACTTCCTCACTA-1,G1
SCG0092_GCAAGTCGTGCTTAGA-1,G1
SCG0090_CCTAAGTAGAAGGTGC-1,G2M
SCG0093_CAAACTGGTTAGACCA-1,G2M
SCG0091_GAGGAGGCATCCTAGA-1,G2M
SCG0091_TACGGATTCAGTGAAG-1,G2M
SCG0092_GACCTTTGTTTAAAGC-1,G2M
SCG0089_TTCAGGTAGAACAAGT-1,G1
SCG0091_CGATTGAGTTGTTGCT-1,G1
SCG0090_CAGGTGGAGGTGCGGA-1,G2M
SCG0088_GTATTGCAGGTCCTAG-1,G2M
SCG0088_AACCTTAAGCTGCACA-1,G1
SCG0092_CCGTTTGGTCATGCAA-1,G2M
SCG0088_TTGTAAGTCGTAATCA-1,G2M
SCG0088_ATCAGGTTCGCTAAAC-1,G1
SCG0091_TCGGTTACATAAGTCT-1,G2M
SCG0090_ACGGGAAGTACCTTAC-1,G2M
SCG0092_CTAAAGCTCACGCCAA-1,G2M
SCG0093_AAGTCTATCCACCCTG-1,G2M
SCG0091_CGAGTCGGTGTGTGGT-1,G2M
SCG0092_AGACACGCAAGCTTAT-1,G2M
SCG0090_TTGCACACACCACAAC-1,G1
SCG0089_GTCATGAGTCATCCTG-1,G2M
SCG0093_AACAAAGGTCAAGTGC-1,G2M
SCG0089_TCTGTGACAGCAAGGC-1,G2M
SCG0089_AGCCAGTGTTCATCTA-1,S
SCG0093_GCACATTAGACAGGCG-1,G1
SCG0088_TTAAGTGTCCTAAATG-1,G2M
SCG0092_GTAGCTGTCACGAATC-1,G2M
SCG0091_TAACCTAAGTTTGGTA-1,G2M
SCG0091_GTGATCAGTTTAACGG-1,G1
SCG0093_TAGGTTATCCTAAATG-1,G1
SCG0093_CAACCCTTCCAGGTCA-1,G1
SCG0090_TCCTTCAAGTTTCCTG-1,G1
SCG0091_GTAGGCGAGGTCCTGA-1,G2M
SCG0093_GAGGAGGCAGGTCCTG-1,G2M
SCG0093_GGAGGTTAGTCCTGAG-1,G1
SCG0092_TAACCGGTCCCTGGTT-1,G1
SCG0093_TCTTAGTTCCGGGACT-1,G2M
SCG0093_AGGATTGAGTAGCTTA-1,G2M
SCG0091_GCTCTGTTCTAGCTTT-1,G2M
SCG0092_CTTAAGATCCGCATGA-1,G2M
SCG0088_CTAAAGCTCCCAGTAG-1,G1
SCG0089_TGTTATGAGCAGGTTT-1,G1
SCG0089_AGTGATGAGGAACCGG-1,G2M
SCG0092_TTATCCTAGATAAAGC-1,G2M
SCG0090_CAAACATGTCAGGCCA-1,G2M
SCG0090_CGATCCTTCTAGCGTG-1,G2M
SCG0089_TGAGCTTAGGGTCTAT-1,G2M
SCG0093_GCAGGATAGGCGAAAC-1,G2M
SCG0093_CAACTAGGTCCGTGAG-1,G1
SCG0092_GTAAGGTCACCTCACC-1,G2M
SCG0089_TCTAGCGAGTCCTGAG-1,G2M
SCG0093_CTGTTGGAGTAACGGA-1,G2M
SCG0092_ACGCCACAGCATTAGC-1,G1
SCG0088_GTGTTACAGGAACCGG-1,G1
SCG0091_AAGCATGAGGGTGAAC-1,G1
SCG0093_TTAAGGACATCCTAGA-1,G1
SCG0089_CCTTATGTCCCTCAGT-1,G2M
SCG0091_TTGCGAGTCTCACTCA-1,G1
SCG0093_CTTAAGATCCCTCGCA-1,G1
SCG0090_CAAGCTAGTTACAAAC-1,G1
SCG0088_GTAGGCGAGGTGAGAC-1,G2M
SCG0093_TTACCGTGTGATCAGC-1,G2M
SCG0091_CCCTCATAGGTTTGAC-1,G2M
SCG0091_AGCTCATAGTTCCTCA-1,G1
SCG0093_CATCATAAGCTCAAAC-1,G1
SCG0091_TAACAAGCATCGCTCC-1,G1
SCG0091_ACGCCTAAGGTCAAAG-1,G1
SCG0093_GCTATAGGTGGATTCA-1,G2M
SCG0090_ACAGGATCAAGCGAGC-1,G1
SCG0092_TCTTAGTTCCTCACAC-1,G2M
SCG0089_CCCAAACCAATCCCTT-1,G2M
SCG0088_GAGTATCTCTTCAATC-1,G2M
SCG0093_TAGCGGACACTAGGTC-1,G2M
SCG0092_GGCATGGAGTTGGCCA-1,G2M
SCG0092_TGATCACAGGATAAAC-1,G2M
SCG0089_TGATCACAGGCGGATG-1,G2M
SCG0091_TTTACGAAGTCACTCC-1,G1
SCG0092_TATTAGCCAAATTCGT-1,G1
SCG0090_CTGTGTGAGAAGCTAG-1,G2M
SCG0093_ACCCAGGGTTAAATGC-1,G1
SCG0089_CTTAAGATCATCAGTA-1,G2M
SCG0091_GCCTTAACAATTAGGA-1,G2M
SCG0092_GTCCTAGAGTTAGCTA-1,G2M
SCG0092_ACTTGTCGTTGGTTAG-1,S
SCG0090_ATCCGTGAGCATGTTA-1,G2M
SCG0092_CAATGTGGTCATGCAA-1,G2M
SCG0088_TGGACGGAGGCTAGAA-1,G1
SCG0089_AGTATAGCACTAGCGT-1,G2M
SCG0093_TGCTTGCTCCGTAAAC-1,G1
SCG0093_TGAGGGAGTCGCAATA-1,G2M
SCG0093_AAGTTACGTGACCTGG-1,G1
SCG0093_TGTGTGAGTCATCCTG-1,G2M
SCG0093_GAGTAACCACGTGCTG-1,G2M
SCG0092_ATGTGAGAGGGTTATC-1,G1
SCG0091_TAATGCATCTCCTCTT-1,G2M
SCG0090_TTAGGCTAGTTATCCT-1,G2M
SCG0093_TGCATCCTCATTGTCT-1,G2M
SCG0092_CGTGACATCGTTAAGC-1,G2M
SCG0090_TCAGCAAGTCGTTACT-1,G2M
SCG0091_AATCAGGAGGGCTTTG-1,G1
SCG0091_TAGCTAGGTACCTTAC-1,G1
SCG0089_GGTCAATTCATTGACA-1,G2M
SCG0093_TGCATCCTCACTTCAT-1,G1
SCG0093_AATCCTAAGAATCTCA-1,G2M
SCG0092_ACCGAAGCATCTTGAG-1,G2M
SCG0091_GGAAGCTAGGAGCAAC-1,G2M
SCG0088_CTCCGTCCAGGCCTTG-1,G1
SCG0091_GAGTCATTCGATTTGA-1,G2M
SCG0093_GTACTGGTCATCCTAT-1,G1
SCG0091_CGAAGCCTCCTCACAC-1,G1
SCG0088_CCTACTTCACGTTACA-1,G1
SCG0091_TCCGCCATCACGCGGT-1,G1
SCG0092_AAAGGACGTGTAACCA-1,G2M
SCG0090_CACAGGCTCTTTAGGA-1,G2M
SCG0092_ATAGGTACATCGCTTT-1,G2M
SCG0090_TAACCGGTCCATAATG-1,G1
SCG0090_CTTCAGGAGGGTGAAC-1,G2M
SCG0088_TTCTTAGGTCCTAAGA-1,G2M
SCG0088_GTGGATGCATAGACCC-1,G2M
SCG0091_CAACTAGGTTCCGGGA-1,G1
SCG0089_CGCATTTGTTATGTGG-1,G1
SCG0093_GCTTTACGTGACATGC-1,G1
SCG0089_GGCTGTCAGCTCCCTG-1,G1
SCG0093_CGCTTAACAGTGAACG-1,G2M
SCG0090_GCCACTAAGTGAAGTG-1,G2M
SCG0093_TGATCAATCGCAGGCT-1,G2M
SCG0093_CTAATCGCATGCAACC-1,G2M
SCG0092_GAAGTGATCATCCTAT-1,G1
SCG0090_TATGACTCACTAAGTT-1,G1
SCG0092_CAAACCGTCCACCTGT-1,G1
SCG0093_GCTAGCCAGAATGACG-1,G2M
SCG0091_CGAACCGGTCAGGCAT-1,G2M
SCG0091_GAAACTGAGGCTGTGC-1,G2M
SCG0088_CAAGCTAGTACCAGGT-1,G2M
SCG0092_ATCGCTTGTTACAAAC-1,G2M
SCG0093_GGGTGTTGTTGTAAAC-1,G1
SCG0088_AGCAATACACAAGCCT-1,G1
SCG0089_GTTGGCGGTAATCCCT-1,G2M
SCG0092_GATTGATGTTCTTTAG-1,G2M
SCG0093_GCTTGTTGTCATTGTC-1,G1
SCG0093_CCCGTAAAGGATGATG-1,G2M
SCG0091_GCTAGCCAGATAAAGC-1,G2M
SCG0092_TTATTGCTCGTTAGTA-1,G2M
SCG0093_TCCATCATCCGCTAGA-1,G1
SCG0091_GAACACAAGGCCTAAT-1,G2M
SCG0091_TGTCAATCATGTTGCA-1,G2M
SCG0092_CGGCTCACATCCCTCA-1,G1
SCG0090_AACCTAATCGATAACC-1,G1
SCG0093_AGTGAACCACTATGGC-1,G1
SCG0092_TCTTCAAGTGACCTGG-1,G1
SCG0091_ATCACACAGACAGGTA-1,G2M
SCG0091_ATCATCAAGGCTGTCA-1,G1
SCG0090_GGTGATTTCATGCTAA-1,S
SCG0089_TAATCACCAAACTGTT-1,G2M
SCG0092_CGGTTCCGTTTAGCTC-1,G1
SCG0088_CCTGGTAAGAGAAGGG-1,G1
SCG0088_AACTCACAGCTGAGGG-1,G2M
SCG0090_TCCTGTTCAACTAGAA-1,G1
SCG0093_GTTTACCGTTTAGCTC-1,G1
SCG0093_ATCGGCCAGGACCTCA-1,G1
SCG0088_TCAAACCAGGGCTTAT-1,G2M
SCG0091_GTTACGTAGGGTTATC-1,G2M
SCG0092_TCGCGAGGTACAAAGA-1,G2M
SCG0090_CTCCGGACAGCAATAA-1,G2M
SCG0088_CAAAGCGCAGACAAAC-1,G1
SCG0092_GCCAATTAGACTAAGG-1,S
SCG0092_CGCGGATTCCTACCTA-1,G2M
SCG0092_TAATGCATCGGTCAAT-1,G1
SCG0091_CCCGTAAAGCGTGCGT-1,G1
SCG0088_GAGCATGCACCTATAG-1,G2M
SCG0092_GACTATTCATTAGCCA-1,G1
SCG0090_CGCAATGTCACCTGTC-1,G2M
SCG0090_GGGTCACTCTGTGAGT-1,G2M
SCG0093_TAGTAACGTCACAGCG-1,S
SCG0088_TGATGACTCTTGTCTG-1,G2M
SCG0088_GGAGGTTAGCCAAATC-1,G1
SCG0093_ACACTTGCAACAACAA-1,G2M
SCG0091_ACTAATCCAATTTGGT-1,G2M
SCG0093_TGTTAGCAGTAACAGG-1,G1
SCG0091_CGCTACTTCTTAGGGT-1,G2M
SCG0089_TTTCCACCATAAGCAA-1,G2M
SCG0092_ATGACGAAGGTGAAAT-1,G1
SCG0092_CCTTTAGTCCCGCCTA-1,G2M
SCG0090_TCCTCACAGGTCCGTA-1,G2M
SCG0093_CTAAGGTTCCGTTAAA-1,S
SCG0092_GCAGGACCATTGCAGC-1,G2M
SCG0093_CAATAGCTCTTAATGG-1,G2M
SCG0088_GCACGCTAGGATTGCT-1,G1
SCG0089_TATCACGCAGCGCTTG-1,G2M
SCG0092_GATCAGTTCGGTTTCC-1,G2M
SCG0089_AGCATCCCACATTAAC-1,G1
SCG0091_TATGGTCAGTCAGTAC-1,G2M
SCG0092_TTCACTGTCAATGACC-1,G2M
SCG0092_CTGCAATAGTGAACAG-1,G1
SCG0091_ACTAACTCAGAGGGAG-1,G2M
SCG0091_TACTTGTTCCATCAGG-1,G1
SCG0093_GAGTGATCAATGCCTA-1,G1
SCG0091_AGGATGTCAGGTTACC-1,G2M
SCG0091_AAAGGCTCAGGCTAGA-1,G2M
SCG0089_GAGAAACGTGTTTGCT-1,G1
SCG0091_GGCGGTAAGAGCCGCT-1,G2M
SCG0093_ACTTACAAGGCGCATC-1,G2M
SCG0093_GCTAATATCGTTACTT-1,G2M
SCG0088_ATCCATAAGGTAGCTT-1,G1
SCG0092_ATTTGCGCAGAACCGA-1,G2M
SCG0092_CGTTTGGAGTAACGAG-1,G2M
SCG0091_TTACAGCAGGTTTGAC-1,G2M
SCG0090_GGCTTCAAGCGAGTAA-1,G1
SCG0092_AACCTAATCGGGATTT-1,G2M
SCG0093_GCCACAATCATTGCAA-1,G2M
SCG0090_GTGCTCAAGTCACCAG-1,G2M
SCG0090_TCATTTGGTGTTGCAA-1,G2M
SCG0092_CTTGTAAAGCGCCTTT-1,G2M
SCG0092_GATCGAGCAAGCTACC-1,G1
SCG0089_AGGGTTGCAGAGAGCC-1,G1
SCG0089_CAAGGCTGTCGCAAAC-1,G1
SCG0093_TTTGTGAAGGCATGTT-1,G2M
SCG0090_CAACTAGGTCATTACC-1,G1
SCG0088_AAGAACAGTTCCTGAT-1,G2M
SCG0091_AAGCTCCCACGTTACA-1,G2M
SCG0093_TAACCTAAGGACCGCT-1,G1
SCG0093_TTACGTTTCGGGATTT-1,G1
SCG0092_ATGTTCAAGCTGCACA-1,G1
SCG0092_CAGGTCCAGCGGGCAA-1,G1
SCG0090_TCATCCATCAGGGCCT-1,G2M
SCG0093_TACCTTTAGCTCCTAC-1,G1
SCG0093_CCTAAATCAATTGAGA-1,G1
SCG0090_TCGCGCACACCCACAG-1,G2M
SCG0093_AGTTGCAGTCCCGAAG-1,G2M
SCG0089_CTACTTAGTTGAGCCG-1,G1
SCG0093_TTCAGCACACCTGGTG-1,G1
SCG0091_AAGCCTCCAAACCTTG-1,G1
SCG0088_TCGGTTACACCTGGTG-1,G1
SCG0090_CACTTAAAGTTTGGGT-1,G1
SCG0088_GCAGCCAGTTTACGTC-1,G2M
SCG0090_ACCAAACTCCTCCTAA-1,G2M
SCG0093_TGAAGTGAGAAGCTAG-1,G2M
SCG0089_TGAGCCGGTAACGGGA-1,G1
SCG0093_ACTAAAGCACCTGCCT-1,G1
SCG0091_TAGCATATCATTGACA-1,G2M
SCG0091_ATGTTGTCAACCCTAA-1,G2M
SCG0091_CGAACCGGTACAAAGA-1,G2M
